scene_id,scene_number,location,time_of_day,speaker,text,normalized_text,sentiment,sentiment_score,word_count
S0003,3,موقع غير محدد,ليل,لؤي,انت بتودي نفسك في داهية يا ابني .. انت مش  عارف انا مين,انت بتودي نفسك في داهيه يا ابني .. انت مش  عارف انا مين,unknown,0.0,12
S0003,3,موقع غير محدد,ليل,امجد,عارف .. شوفتك الصبح  وانت بتفتش الفيلا,عارف .. شوفتك الصبح  وانت بتفتش الفيلا,unknown,0.0,6
S0003,3,موقع غير محدد,ليل,لؤي,طب ما انت عارف اهو ..  عارف كمان بقى التعرض لظابط اثناء تأدية عمله ..  ايه عقوبته,طب ما انت عارف اهو ..  عارف كمان بقي التعرض لظابط اثناء تاديه عمله ..  ايه عقوبته,unknown,0.0,15
S0003,3,موقع غير محدد,ليل,امجد,وهمه الظباط وهمه بيعملوا شغلهم .. بيدخلوا زي الحرامية يصمت لؤي عثمان دون رد فيبتسم امجد وهو ينظر له,وهمه الظباط وهمه بيعملوا شغلهم .. بيدخلوا زي الحراميه يصمت لؤي عثمان دون رد فيبتسم امجد وهو ينظر له,unknown,0.0,18
S0003,3,موقع غير محدد,ليل,امجد,قولي كنت جاي عايز ايه وانا اساعدك,قولي كنت جاي عايز ايه وانا اساعدك,unknown,0.0,7
S0003,3,موقع غير محدد,ليل,امجد,ما تستصغرنيش ... انت ما تعرفش انا اعرف ايه ... يمكن لو كنت مسكتك من يوم بس .. كان زماني قالب عليك الدنيا .. بس تقدر تقول كده ان  بقيت متأكد ان  اي حد بيفتش ورا عيلتي .. اكيد عنده سبب .. ان ما كنش  عنده حق,ما تستصغرنيش .. انت ما تعرفش انا اعرف ايه .. يمكن لو كنت مسكتك من يوم بس .. كان زماني قالب عليك الدنيا .. بس تقدر تقول كده ان  بقيت متاكد ان  اي حد بيفتش ورا عيلتي .. اكيد عنده سبب .. ان ما كنش  عنده حق,unknown,0.0,41
S0003,3,موقع غير محدد,ليل,لؤي,عايز تفهمني .. انك عارف كل حاجة عن عيلتك ...ده انت ما كملتش عشرين سنة ينظر امجد الى الدور العلوي ثم يعود لينظر الى لؤي,عايز تفهمني .. انك عارف كل حاجه عن عيلتك ..ده انت ما كملتش عشرين سنه ينظر امجد الي الدور العلوي ثم يعود لينظر الي لؤي,unknown,0.0,24
S0003,3,موقع غير محدد,ليل,امجد,: في ليلة واحدة ممكن تكبر مية سنة .. مثلا .. تمر بحادثة تكبرك .. تشوف فيلم فيه حكاية تنط بيك سنين لقدام ... تقرا رواية فيها تجربة تعجزك  مش بس تكبرك,: في ليله واحده ممكن تكبر ميه سنه .. مثلا .. تمر بحادثه تكبرك .. تشوف فيلم فيه حكايه تنط بيك سنين لقدام .. تقرا روايه فيها تجربه تعجزك  مش بس تكبرك,unknown,0.0,27
S0003,3,موقع غير محدد,ليل,لؤي,ماشي يا فيلسوف ... ابوك ... قتل ابويا ... تعرف ايه عن ده,ماشي يا فيلسوف .. ابوك .. قتل ابويا .. تعرف ايه عن ده,unknown,0.0,10
S0004,4,موقع غير محدد,ليل,حبس الرجال,يرقد رأفت  معطي ظهره لمدحت النائم في النصف بينه وبين طارق الذي كان يعطي ظهره لمدحت ايضا ولكنه يستدير ليعطي لمدحت وجهه,يرقد رافت  معطي ظهره لمدحت النائم في النصف بينه وبين طارق الذي كان يعطي ظهره لمدحت ايضا ولكنه يستدير ليعطي لمدحت وجهه,unknown,0.0,22
S0004,4,موقع غير محدد,ليل,مدحت,عم طارق .. ما تديش ضهرك لغريب في حبس يا حبيبي يعتدل طارق ليعطي ظهره لمدحت فيصمت مدحت قليلا  ثم يتحدث,عم طارق .. ما تديش ضهرك لغريب في حبس يا حبيبي يعتدل طارق ليعطي ظهره لمدحت فيصمت مدحت قليلا  ثم يتحدث,unknown,0.0,20
S0004,4,موقع غير محدد,ليل,مدحت,عارف يا طارق .. ربنا يعلم انت معزتك كانت عاملة ازاي في قلبي .. ويعلم اكتر ان ما كنش قصدي ائذيك,عارف يا طارق .. ربنا يعلم انت معزتك كانت عامله ازاي في قلبي .. ويعلم اكتر ان ما كنش قصدي ائذيك,unknown,0.0,19
S0004,4,موقع غير محدد,ليل,طارق,كلنا كنا بنعز بعض .. وكلنا اذينا بعض من غير قصد .. بس النتيجة واحدة .. الزمن ما بيرجعش لورا,كلنا كنا بنعز بعض .. وكلنا اذينا بعض من غير قصد .. بس النتيجه واحده .. الزمن ما بيرجعش لورا,unknown,0.0,17
S0004,4,موقع غير محدد,ليل,مدحت,لو رجع اكيد مش هغلط نفس الغلطة طارق : هتغلط يا مدحت .. والله هتغلط .. عشان انت لغاية دلوقتي عندك استعداد ترتكب غلطات اكبر عشان تتاكد نهال سقطت ولا لا يعتدل مدحت في مجلسه وينظر الى طارق,لو رجع اكيد مش هغلط نفس الغلطه طارق : هتغلط يا مدحت .. والله هتغلط .. عشان انت لغايه دلوقتي عندك استعداد ترتكب غلطات اكبر عشان تتاكد نهال سقطت ولا لا يعتدل مدحت في مجلسه وينظر الي طارق,unknown,0.0,35
S0004,4,موقع غير محدد,ليل,مدحت,وانت ما تعرفش يا طارق ؟.. بجد ما تعرفش ؟ يهز طارق رأسه نافيا بينما ينطق رأفت وهو مازال راقدا بنفس الشكل,وانت ما تعرفش يا طارق ؟.. بجد ما تعرفش ؟ يهز طارق راسه نافيا بينما ينطق رافت وهو مازال راقدا بنفس الشكل,unknown,0.0,22
S0004,4,موقع غير محدد,ليل,رأفت,ولا انا  اعرف يا مدحت .. ما حدش يعرف غير نهال .. والكتاب,ولا انا  اعرف يا مدحت .. ما حدش يعرف غير نهال .. والكتاب,unknown,0.0,11
S0005,5,موقع غير محدد,ليل,امجد,سليم عثمان .. سليم عثمان يتوقف عند احد الصفحات وينظر اليها بتدقيق,سليم عثمان .. سليم عثمان يتوقف عند احد الصفحات وينظر اليها بتدقيق,unknown,0.0,11
S0006,6,موقع غير محدد,ليل,رأفت,موتك هيبقى على ايدي يا سليم يا عثمان,موتك هيبقي علي ايدي يا سليم يا عثمان,unknown,0.0,8
S0007,7,موقع غير محدد,ليل,نور,ما بلاش انت يا سليم .. ده احنا دافنينه سوا .. و لا انت ليك مزاج تدفن مع اللي بيتدفن,ما بلاش انت يا سليم .. ده احنا دافنينه سوا .. و لا انت ليك مزاج تدفن مع اللي بيتدفن,unknown,0.0,18
S0007,7,موقع غير محدد,نهار,استقبال سجن,يقف طارق وقد اصبح في بداية الثلاثينات  وراء شبكة السجن وقد اطلق لحيته بغزارة ينظر الى سليم عثمان,يقف طارق وقد اصبح في بدايه الثلاثينات  وراء شبكه السجن وقد اطلق لحيته بغزاره ينظر الي سليم عثمان,unknown,0.0,18
S0007,7,موقع غير محدد,نهار,طارق,لو جي تشمت يا سليم ... بلاش .. عشان الدنيا دوارة,لو جي تشمت يا سليم .. بلاش .. عشان الدنيا دواره,unknown,0.0,9
S0008,8,موقع غير محدد,ليل,مدحت,سهل قوي عليا .. الرصاصة الجاية .. تبقى في نفوخك,سهل قوي عليا .. الرصاصه الجايه .. تبقي في نفوخك,unknown,0.0,8
S0009,9,موقع غير محدد,ليل,امجد,ياعم انا لا مجنون ولا عاقل .. اعتبرني ما شوفتكش .. اعتقد انت الكسبان .. ولو عايز تعرف اللي قتل بابك بجد .. ما تمشيش ورا  اللي شكك انه قتله ..,ياعم انا لا مجنون ولا عاقل .. اعتبرني ما شوفتكش .. اعتقد انت الكسبان .. ولو عايز تعرف اللي قتل بابك بجد .. ما تمشيش ورا  اللي شكك انه قتله ..,unknown,0.0,26
S0009,9,موقع غير محدد,ليل,امال امشي ورا مين,ينظر امجد الى صورة والدته اميرة  المعلقه في الهول ويشير اليها,ينظر امجد الي صوره والدته اميره  المعلقه في الهول ويشير اليها,unknown,0.0,11
S0010,10,موقع غير محدد,ليل,حبس السيدات,يجلسن الثلاثة اميرة ونور ونهال  بجوار بعضهن البعض,يجلسن الثلاثه اميره ونور ونهال  بجوار بعضهن البعض,unknown,0.0,8
S0010,10,موقع غير محدد,ليل,نور,هو سليم عثمان مات ؟,هو سليم عثمان مات ؟,unknown,0.0,5
S0010,10,موقع غير محدد,ليل,اميرة,والله اسالي رصيدك في البنك وهو يقولك,والله اسالي رصيدك في البنك وهو يقولك,unknown,0.0,7
S0010,10,موقع غير محدد,ليل,نهال,ايه السؤال الغريب ده يا نور,ايه السؤال الغريب ده يا نور,unknown,0.0,6
S0010,10,موقع غير محدد,ليل,نور,عادي يعني .. ما انا دفناكي بأيدي .. واديكي قاعدة جنبي .. بالعكس ده لو طلع عايش كل حاجة هتبقى وضحت .. وهيبقى هو اللي بعتلنا السي دي والرسايل يتنهدا اميرة ونهال سويا وينطقا سويا دون قصد,عادي يعني .. ما انا دفناكي بايدي .. واديكي قاعده جنبي .. بالعكس ده لو طلع عايش كل حاجه هتبقي وضحت .. وهيبقي هو اللي بعتلنا السي دي والرسايل يتنهدا اميره ونهال سويا وينطقا سويا دون قصد,unknown,0.0,33
S0010,10,موقع غير محدد,ليل,نور,لا يا نور .. سليم عثمان مات ينظر الثلاثة الى بعضهن البعض ثم يضحكن بقوة,لا يا نور .. سليم عثمان مات ينظر الثلاثه الي بعضهن البعض ثم يضحكن بقوه,unknown,0.0,14
S0011,11,موقع غير محدد,ليل,لؤي,مش عارف ليه انا مصدقك,مش عارف ليه انا مصدقك,unknown,0.0,5
S0011,11,موقع غير محدد,ليل,امجد,عشان الصدق بيبان .. والكدب بيبان .. وما فيش مصلحة تخليني اكدب عليك او اشتغلك ... بالعكس واحد غيري كان زمانه بلغ عنك .. لكن ده انا سيبك تمشي,عشان الصدق بيبان .. والكدب بيبان .. وما فيش مصلحه تخليني اكدب عليك او اشتغلك .. بالعكس واحد غيري كان زمانه بلغ عنك .. لكن ده انا سيبك تمشي,unknown,0.0,25
S0011,11,موقع غير محدد,ليل,امجد,قرفان قوي ..  جوايا قرف يا يخليني انتحر .. يا اكتئب .. يا امشي ورا الحق,قرفان قوي ..  جوايا قرف يا يخليني انتحر .. يا اكتئب .. يا امشي ورا الحق,unknown,0.0,13
S0011,11,موقع غير محدد,ليل,اكيد هنتقابل تاني,ثم يخرج ليغلق امجد الباب خلفه ويتجه الى  السلم  واثناء سيره يتستدير لينظر الى صورة رافت واميرة وكأنهما يتابعانه فيغلق عينيه ويأخذ نفسا عميقا ويعاود السير,ثم يخرج ليغلق امجد الباب خلفه ويتجه الي  السلم  واثناء سيره يتستدير لينظر الي صوره رافت واميره وكانهما يتابعانه فيغلق عينيه وياخذ نفسا عميقا ويعاود السير,unknown,0.0,26
S0013,13,بداية الفلاش باك,نهار,صوت عمرو دياب,من كام سنة ميال .. ميال .. وفي حبك انا .. مشغول البال .. لا بتتكلمي ولا بتسلمي .. وفي كل يومين بلاقيكي  بحال .. طب  ده  انا ميال يدخل رأفت الى الصالة وقدا بدا غاضبا ومنهارا فى ذات الوقت ويتجه الى حسين,من كام سنه ميال .. ميال .. وفي حبك انا .. مشغول البال .. لا بتتكلمي ولا بتسلمي .. وفي كل يومين بلاقيكي  بحال .. طب  ده  انا ميال يدخل رافت الي الصاله وقدا بدا غاضبا ومنهارا في ذات الوقت ويتجه الي حسين,unknown,0.0,37
S0013,13,بداية الفلاش باك,نهار,رأفت,شوفت المصيبة ؟,شوفت المصيبه ؟,unknown,0.0,3
S0013,13,بداية الفلاش باك,نهار,حسين,في ايه خير مالك ؟,في ايه خير مالك ؟,unknown,0.0,5
S0014,14,موقع غير محدد,نهار,رأفت,في  نفس الشهر جيش الاتحاد يبدأ ينسحب من افغانستان .. و جورباتشوف رايح يعملي قمة مع ريجان .. اللي بيحصل  ده مش مريح تماما يا حسين,في  نفس الشهر جيش الاتحاد يبدا ينسحب من افغانستان .. و جورباتشوف رايح يعملي قمه مع ريجان .. اللي بيحصل  ده مش مريح تماما يا حسين,unknown,0.0,24
S0014,14,موقع غير محدد,نهار,حسين,عندك حق ... وفاهم قلقك .. بس ده كان شيء متوقع .. الاتحاد بقاله عشر سنين بينزف دم .. والسعودية وامريكا ما بيغلبوش .. ده غيرنا احنا .. باب الجهاد مفتوح من 84 .. ويا مكتر مجاهدنا يجلس رأفت على احد الكراسي محبطا للغاية,عندك حق .. وفاهم قلقك .. بس ده كان شيء متوقع .. الاتحاد بقاله عشر سنين بينزف دم .. والسعوديه وامريكا ما بيغلبوش .. ده غيرنا احنا .. باب الجهاد مفتوح من 84 .. ويا مكتر مجاهدنا يجلس رافت علي احد الكراسي محبطا للغايه,unknown,0.0,36
S0014,14,موقع غير محدد,نهار,رأفت,والعمل يا حسين .. ايه اللي بأيدنا احنا نعمله ؟,والعمل يا حسين .. ايه اللي بايدنا احنا نعمله ؟,unknown,0.0,9
S0014,14,موقع غير محدد,نهار,حسين,زي ما احنا  .. بنحاول ونحاول ونحاول .. لغاية ما نوصل للي احنا عايزينه,زي ما احنا  .. بنحاول ونحاول ونحاول .. لغايه ما نوصل للي احنا عايزينه,unknown,0.0,12
S0014,14,موقع غير محدد,نهار,رأفت,بنحاول ايه بس يا حسين .. احنا من يوم ما مسكنا المخروب ده وانا مش حاسس اننا بنعمل اي حاجة مفيدة للحركة ..,بنحاول ايه بس يا حسين .. احنا من يوم ما مسكنا المخروب ده وانا مش حاسس اننا بنعمل اي حاجه مفيده للحركه ..,unknown,0.0,21
S0014,14,موقع غير محدد,نهار,حسين,ازاي بس .. انت عارف احنا قدرنا نعمل كام اضراب من استفتاء الرئاسة لحد دلوقتي ؟,ازاي بس .. انت عارف احنا قدرنا نعمل كام اضراب من استفتاء الرئاسه لحد دلوقتي ؟,unknown,0.0,15
S0014,14,موقع غير محدد,نهار,رأفت,خلاص بقى اقصى طموحاتنا الاضرابات ؟ تطرق اميرة على الباب وتدخل,خلاص بقي اقصي طموحاتنا الاضرابات ؟ تطرق اميره علي الباب وتدخل,unknown,0.0,11
S0014,14,موقع غير محدد,نهار,اميرة,مساء الخير,مساء الخير,unknown,0.0,2
S0014,14,موقع غير محدد,نهار,حسين,انا هسيبكوا واروح اشوف الشغل يخرج ويغلق الباب خلفه فتنظر اميرة الى رافت,انا هسيبكوا واروح اشوف الشغل يخرج ويغلق الباب خلفه فتنظر اميره الي رافت,unknown,0.0,13
S0014,14,موقع غير محدد,نهار,اميرة,مالك ؟,مالك ؟,unknown,0.0,2
S0014,14,موقع غير محدد,نهار,رأفت,شوية قرف كده .. قوليلي جاية بدري ليه ؟,شويه قرف كده .. قوليلي جايه بدري ليه ؟,unknown,0.0,8
S0014,14,موقع غير محدد,نهار,اميرة,كنت عايزة اتكلم معاك في موضوع,كنت عايزه اتكلم معاك في موضوع,unknown,0.0,6
S0014,14,موقع غير محدد,نهار,رأفت,خير ؟,خير ؟,unknown,0.0,2
S0014,14,موقع غير محدد,نهار,اميرة,هو احنا هنتجوز امتى ؟,هو احنا هنتجوز امتي ؟,unknown,0.0,5
S0015,15,موقع غير محدد,نهار,الشخص,حضرتك حسين يعقوب ؟,حضرتك حسين يعقوب ؟,unknown,0.0,4
S0015,15,موقع غير محدد,نهار,حسين,ايوة خير ؟,ايوه خير ؟,unknown,0.0,3
S0015,15,موقع غير محدد,نهار,الشخص,اتفضل معانا .. عايزينك في مشوار كده ينظر له حسين بقلق شديد,اتفضل معانا .. عايزينك في مشوار كده ينظر له حسين بقلق شديد,unknown,0.0,11
S0016,16,موقع غير محدد,نهار,رأفت,مش مطنش ولا حاجة  يا اميرة .. كل الحكاية ان في مليون حاجة في دماغي,مش مطنش ولا حاجه  يا اميره .. كل الحكايه ان في مليون حاجه في دماغي,unknown,0.0,14
S0016,16,موقع غير محدد,نهار,رافت,اكيد لا .. بس  في اولويات,اكيد لا .. بس  في اولويات,unknown,0.0,5
S0016,16,موقع غير محدد,نهار,اميرة,وانا مش الاولوية رقم واحد في حياتك,وانا مش الاولويه رقم واحد في حياتك,unknown,0.0,7
S0016,16,موقع غير محدد,نهار,رأفت,عايزة تتجوزي امتى يا اميرة ؟,عايزه تتجوزي امتي يا اميره ؟,unknown,0.0,6
S0016,16,موقع غير محدد,نهار,اميرة,اه .. تحصيل حاصل يعني .. لا يا رأفت .. انا مش لقيه عشان تتجوزني تحصيل حاصل .. لما انت تبقى عايز تتجوز ابقى قول ثم تخرج وتتركه وحده ليبدوا حانقا,اه .. تحصيل حاصل يعني .. لا يا رافت .. انا مش لقيه عشان تتجوزني تحصيل حاصل .. لما انت تبقي عايز تتجوز ابقي قول ثم تخرج وتتركه وحده ليبدوا حانقا,unknown,0.0,27
S0016,16,موقع غير محدد,نهار,رأفت,نقصاكي هي كمان اليومين دول يا اميرة يرن  الهاتف الارضي فيتجه اليه ليرد رأفت : الو,نقصاكي هي كمان اليومين دول يا اميره يرن  الهاتف الارضي فيتجه اليه ليرد رافت : الو,unknown,0.0,15
S0017,17,موقع غير محدد,نهار,سنقر,كده احبك .. مستني الفلوس بنفس الطريقة واسمع الكلام يا ابن الحلال .. ما تتعبش نفسك وتقعد تمشي وراهم زي كل مرة .. الزبالة دي موال انت مش قده ثم يغلق السماعة ليستدير ليجد سمرة في مواجهته,كده احبك .. مستني الفلوس بنفس الطريقه واسمع الكلام يا ابن الحلال .. ما تتعبش نفسك وتقعد تمشي وراهم زي كل مره .. الزباله دي موال انت مش قده ثم يغلق السماعه ليستدير ليجد سمره في مواجهته,unknown,0.0,34
S0017,17,موقع غير محدد,نهار,سمرة,.. انا سمعت كل حاجة  وعايزة افهم,.. انا سمعت كل حاجه  وعايزه افهم,unknown,0.0,6
S0017,17,موقع غير محدد,نهار,سنقر,مالكيش فيه يا سمرة .. انتي ليكي اجرة التليفون,مالكيش فيه يا سمره .. انتي ليكي اجره التليفون,unknown,0.0,8
S0017,17,موقع غير محدد,نهار,سمرة,وحياة امك .. ولما اللي بتكلمه يبلغ ويراقب التليفون .. هيبقى ماليش فيه,وحياه امك .. ولما اللي بتكلمه يبلغ ويراقب التليفون .. هيبقي ماليش فيه,unknown,0.0,11
S0017,17,موقع غير محدد,نهار,سنقر,خلاص يا سمرة .. ما عدتش جاي اتكلم من عندك,خلاص يا سمره .. ما عدتش جاي اتكلم من عندك,unknown,0.0,9
S0017,17,موقع غير محدد,نهار,سمرة,بقولك ايه .. مش عليا الجو ده .. قبل ما تعتب باب الشقة عكون بطحة نفسي عليك ولامة الشارع .. واقول كان بيقلب الشقة .. والشارع كله يحب يخدم ... وانت عارف ينظر سنقر الي عينيها المصرتين,بقولك ايه .. مش عليا الجو ده .. قبل ما تعتب باب الشقه عكون بطحه نفسي عليك ولامه الشارع .. واقول كان بيقلب الشقه .. والشارع كله يحب يخدم .. وانت عارف ينظر سنقر الي عينيها المصرتين,unknown,0.0,32
S0017,17,موقع غير محدد,نهار,سنقر,جن .. والعياذ بالله,جن .. والعياذ بالله,unknown,0.0,3
S0018,18,موقع غير محدد,نهار,مكتب فريد هجرس,يجلس فريد هجرس  خلف مكتبه ويجلس امام المكتب حسين يعقوب  ويبدو حسين متربكا للغاية,يجلس فريد هجرس  خلف مكتبه ويجلس امام المكتب حسين يعقوب  ويبدو حسين متربكا للغايه,unknown,0.0,14
S0018,18,موقع غير محدد,نهار,فريد,انت مرتبك ليه .. مش عوايدك,انت مرتبك ليه .. مش عوايدك,unknown,0.0,5
S0018,18,موقع غير محدد,نهار,حسين,انا بس مش فاهم انا هنا ليه ؟,انا بس مش فاهم انا هنا ليه ؟,unknown,0.0,8
S0018,18,موقع غير محدد,نهار,فريد,بيزنس .. ايه ما ينفعش يصمت حسين قليلا فيبتسم فريد,بيزنس .. ايه ما ينفعش يصمت حسين قليلا فيبتسم فريد,unknown,0.0,9
S0018,18,موقع غير محدد,نهار,فريد,انا معجب بيك فوق ما انت تتخيل .. ومتابعك من اول يوم عرفت فيه رأفت,انا معجب بيك فوق ما انت تتخيل .. ومتابعك من اول يوم عرفت فيه رافت,unknown,0.0,14
S0018,18,موقع غير محدد,نهار,حسين,بس ايه نوع البيزنس اللي حضرتك  عايزني فيه,بس ايه نوع البيزنس اللي حضرتك  عايزني فيه,unknown,0.0,8
S0018,18,موقع غير محدد,نهار,فريد,تقدر تقول الجانب الوسخ .. من شغلي ومن شغل رأفت,تقدر تقول الجانب الوسخ .. من شغلي ومن شغل رافت,unknown,0.0,9
S0018,18,موقع غير محدد,نهار,حسين,ايه اللي حضرتك بتقوله ده يا افندم يبتسم فريد ويشير له ان يجلس فلا يجلس  حسين فيشير له فريد مرة اخرى بحزم فيجلس فيفتح فريد دفتر الشيكات امامه ويقطع شيك ويزيحه بيده على المكتب ليضعه امام حسين,ايه اللي حضرتك بتقوله ده يا افندم يبتسم فريد ويشير له ان يجلس فلا يجلس  حسين فيشير له فريد مره اخري بحزم فيجلس فيفتح فريد دفتر الشيكات امامه ويقطع شيك ويزيحه بيده علي المكتب ليضعه امام حسين,unknown,0.0,37
S0018,18,موقع غير محدد,نهار,ده مرتبك في الشهر,ينظر حسين الى الشيك ثم يضعه في جيبه ويرفع عينيه الى فريد,ينظر حسين الي الشيك ثم يضعه في جيبه ويرفع عينيه الي فريد,unknown,0.0,12
S0018,18,موقع غير محدد,نهار,فريد,المطلوب منك 3 حاجات .. اول حاجة رأفت لازم يفضل مقتنع طول الوقت .. بموضوع الشيوعية بتاعكوا ده .. وانه غير العيلة وقادر يكون عكسي والكلام ده .. ده مفيد جدا في انه ما يركزش معانا ... تاني حاجة ليا صديق عايش في الكويت جاي مصر في امانة معاه .. محتاجة تدخل الكباريه .. دي مسئوليتك,المطلوب منك 3 حاجات .. اول حاجه رافت لازم يفضل مقتنع طول الوقت .. بموضوع الشيوعيه بتاعكوا ده .. وانه غير العيله وقادر يكون عكسي والكلام ده .. ده مفيد جدا في انه ما يركزش معانا .. تاني حاجه ليا صديق عايش في الكويت جاي مصر في امانه معاه .. محتاجه تدخل الكباريه .. دي مسئوليتك,unknown,0.0,48
S0018,18,موقع غير محدد,نهار,حسين,هعرف من حضرتك هي  ايه ولا منه ؟,هعرف من حضرتك هي  ايه ولا منه ؟,unknown,0.0,8
S0018,18,موقع غير محدد,نهار,فريد,منه ..,منه ..,unknown,0.0,1
S0018,18,موقع غير محدد,نهار,حسين,وتالت حاجة ؟,وتالت حاجه ؟,unknown,0.0,3
S0018,18,موقع غير محدد,نهار,فريد,عايز دعاية لشركة توظيف الاموال بتاعتي .. السعد والريان محوطين كل الشيوخ النجوم .. مش لاقي حد .. دورك انك تعملي شيخ نجم,عايز دعايه لشركه توظيف الاموال بتاعتي .. السعد والريان محوطين كل الشيوخ النجوم .. مش لاقي حد .. دورك انك تعملي شيخ نجم,unknown,0.0,20
S0019,19,موقع غير محدد,نهار,سمرة,اعوذ بالله من الشيطان الرجيم ... بسم الله الرحمن الرحيم .. ومش خايف يا سنقر يا تتلبش ولا تتلبس ؟,اعوذ بالله من الشيطان الرجيم .. بسم الله الرحمن الرحيم .. ومش خايف يا سنقر يا تتلبش ولا تتلبس ؟,unknown,0.0,18
S0019,19,موقع غير محدد,نهار,سنقر,طظ .. واضيع من تحت ايدي كنز زي  ده ؟ اللي يلبسني يلبسني بس الاقي اكل والبس هدمة نضيفة,طظ .. واضيع من تحت ايدي كنز زي  ده ؟ اللي يلبسني يلبسني بس الاقي اكل والبس هدمه نضيفه,unknown,0.0,18
S0019,19,موقع غير محدد,نهار,سمرة,انت متأكد من ان الراجل اللي بيديك الفلوس .. رأفت هجرس,انت متاكد من ان الراجل اللي بيديك الفلوس .. رافت هجرس,unknown,0.0,10
S0019,19,موقع غير محدد,نهار,سنقر,ايوة والنعمة .. ابن فريد هجرس اللي بيجي في التلفزيون يزداد اضطرابها و تتجه لتتناول عبائتها السودة,ايوه والنعمه .. ابن فريد هجرس اللي بيجي في التلفزيون يزداد اضطرابها و تتجه لتتناول عبائتها السوده,unknown,0.0,16
S0019,19,موقع غير محدد,نهار,سمرة,فوت قدامي .. اقرالي الحكاية كلها,فوت قدامي .. اقرالي الحكايه كلها,unknown,0.0,5
S0020,20,موقع غير محدد,نهار,الطبيب,تمام يا نهال .. التحاليل زي الفل .. كده نقدر نقول خلاص انك ما عدتيش مدمنة,تمام يا نهال .. التحاليل زي الفل .. كده نقدر نقول خلاص انك ما عدتيش مدمنه,unknown,0.0,14
S0020,20,موقع غير محدد,نهار,الطبيب,انا يوم ما شوفتك يوم الحادثة .. لو كان عندي شك واحد في الميا .. انك لما هتلاقي حد يقف جنبك هتعدي الازمة دي .. كنت بلغت اهلك,انا يوم ما شوفتك يوم الحادثه .. لو كان عندي شك واحد في الميا .. انك لما هتلاقي حد يقف جنبك هتعدي الازمه دي .. كنت بلغت اهلك,unknown,0.0,25
S0020,20,موقع غير محدد,نهار,نهال,وده جميل انا مش هنسهولك طول عمري,وده جميل انا مش هنسهولك طول عمري,unknown,0.0,7
S0020,20,موقع غير محدد,نهار,الطبيب,يارب ما اشوفكيش تاني الا في الخير,يارب ما اشوفكيش تاني الا في الخير,unknown,0.0,7
S0020,20,موقع غير محدد,نهار,نهال,: كنت عايز اسال حضرتك على حاجة .. عايزة اسم دكتور نفسي كويس,: كنت عايز اسال حضرتك علي حاجه .. عايزه اسم دكتور نفسي كويس,unknown,0.0,11
S0021,21,موقع غير محدد,نهار,اميرة,واحشني فوق ما انت تتخيل,واحشني فوق ما انت تتخيل,unknown,0.0,5
S0021,21,موقع غير محدد,نهار,مدحت,ما انتي اللي ما بتسأليش,ما انتي اللي ما بتساليش,unknown,0.0,5
S0021,21,موقع غير محدد,نهار,اميرة,تلاهي بقى .. ازيك يا طنط,تلاهي بقي .. ازيك يا طنط,unknown,0.0,5
S0021,21,موقع غير محدد,نهار,والده,نهال ازيك يا حبيبتي ... انا هحضر الغدا,نهال ازيك يا حبيبتي .. انا هحضر الغدا,unknown,0.0,7
S0021,21,موقع غير محدد,نهار,مدحت مستنيكي من بدري,تقترب نهال من مدحت بينما تجلس اميرة تتابعهما بعد ان خرجت الام من الصالة,تقترب نهال من مدحت بينما تجلس اميره تتابعهما بعد ان خرجت الام من الصاله,unknown,0.0,14
S0021,21,موقع غير محدد,نهار,مدحت,ايه يا نهال.. بقالي اربع ايام ما بشوفكيش,ايه يا نهال.. بقالي اربع ايام ما بشوفكيش,unknown,0.0,8
S0021,21,موقع غير محدد,نهار,نهال,مشغولة شوية في الجرنال يا مدحت,مشغوله شويه في الجرنال يا مدحت,unknown,0.0,6
S0021,21,موقع غير محدد,نهار,مدحت,انتي بقالك اسبوع ما فيش تحقيق نزل باسمك,انتي بقالك اسبوع ما فيش تحقيق نزل باسمك,unknown,0.0,8
S0021,21,موقع غير محدد,نهار,نهال,وانت بتراقبني ولا ايه ؟,وانت بتراقبني ولا ايه ؟,unknown,0.0,5
S0021,21,موقع غير محدد,نهار,مدحت,برقبك .. ؟؟؟ لا يا نهال ... بس ما بعرفش انزل من البيت الا بعد ما اقرا اسمك,برقبك .. ؟؟ لا يا نهال .. بس ما بعرفش انزل من البيت الا بعد ما اقرا اسمك,unknown,0.0,16
S0021,21,موقع غير محدد,نهار,اميرة,معلهش يا مدحت .. نهال بس في 100 حاجة في دماغها اليومين .. لكن انت عارف اللي في القلب في القلب يبتسم مدحت وينظر الى نهال بحب,معلهش يا مدحت .. نهال بس في 100 حاجه في دماغها اليومين .. لكن انت عارف اللي في القلب في القلب يبتسم مدحت وينظر الي نهال بحب,unknown,0.0,24
S0021,21,موقع غير محدد,نهار,مدحت,وانا مصبرني ايه غير اني عارف ثم يقترب من نهال  ويقف امامها,وانا مصبرني ايه غير اني عارف ثم يقترب من نهال  ويقف امامها,unknown,0.0,12
S0021,21,موقع غير محدد,نهار,مدحت,انا عايزك تتشغلي ودماغك يبقى فيها 100 حاجة وانتي في بيتي ... مش ان الاوان بقى,انا عايزك تتشغلي ودماغك يبقي فيها 100 حاجه وانتي في بيتي .. مش ان الاوان بقي,unknown,0.0,14
S0021,21,موقع غير محدد,نهار,نهال,تقصد ايه ؟,تقصد ايه ؟,unknown,0.0,3
S0021,21,موقع غير محدد,نهار,مدحت,عايزين نتجوز بقى يا نهال وهي تبتعد لتجلس بجوار اميرة,عايزين نتجوز بقي يا نهال وهي تبتعد لتجلس بجوار اميره,unknown,0.0,10
S0021,21,موقع غير محدد,نهار,نهال,مش وقته يا مدحت .. انا عندي مشاكل في الشغل وانت عارف .. وطول ما انا مش في صفحة الفن .. انا مش هقدر اخد اي خطوة في حياتي,مش وقته يا مدحت .. انا عندي مشاكل في الشغل وانت عارف .. وطول ما انا مش في صفحه الفن .. انا مش هقدر اخد اي خطوه في حياتي,unknown,0.0,26
S0021,21,موقع غير محدد,نهار,مدحت,وانا بقى هفضل مربوط بصفحة الفن .. ما انا برضه مش عايز ابقى في الاداب .. ولولا اللي انتي عارفاه .. كان زماني بينت امارة وبقى ليا عين وانا بطلب نقلي .. لكن عشان انتي اهم .. اديني زي ما انا تنكس اميرة عينيها بينما تغمض نهال عينيها وتأخذ نفسا عميقا وتعود لتفتحها,وانا بقي هفضل مربوط بصفحه الفن .. ما انا برضه مش عايز ابقي في الاداب .. ولولا اللي انتي عارفاه .. كان زماني بينت اماره وبقي ليا عين وانا بطلب نقلي .. لكن عشان انتي اهم .. اديني زي ما انا تنكس اميره عينيها بينما تغمض نهال عينيها وتاخذ نفسا عميقا وتعود لتفتحها,unknown,0.0,48
S0021,21,موقع غير محدد,نهار,نهال,اتفق مع ماما يا مدحت على الميعاد اللي يناسبك .. وانا موافقة,اتفق مع ماما يا مدحت علي الميعاد اللي يناسبك .. وانا موافقه,unknown,0.0,11
S0021,21,موقع غير محدد,نهار,مدحت,لا يا نهال .. انتي حددي الميعاد اللي يناسبك وبلغيني .. عن اذنك يتجه مدحت ليخرج فتربت اميرة على يد نهال,لا يا نهال .. انتي حددي الميعاد اللي يناسبك وبلغيني .. عن اذنك يتجه مدحت ليخرج فتربت اميره علي يد نهال,unknown,0.0,19
S0021,21,موقع غير محدد,نهار,اميرة,انا مش عارفه اقولك ايه ؟,انا مش عارفه اقولك ايه ؟,unknown,0.0,6
S0021,21,موقع غير محدد,نهار,نهال,ما تقوليش حاجة .. بس ممكن تسبيني لوحدي ؟,ما تقوليش حاجه .. بس ممكن تسبيني لوحدي ؟,unknown,0.0,8
S0022,22,موقع غير محدد,نهار,اميرة,ما مشتش ليه ؟,ما مشتش ليه ؟,unknown,0.0,4
S0022,22,موقع غير محدد,نهار,مدحت,كنت متفق مع طارق هيفوت عليا .. زمانه على وصول,كنت متفق مع طارق هيفوت عليا .. زمانه علي وصول,unknown,0.0,9
S0022,22,موقع غير محدد,نهار,اميرة,ياااه .. بقالي كتير ما شوفتوش .. من ساعة ما بقى شيخ .. رايح فين ؟,يااه .. بقالي كتير ما شوفتوش .. من ساعه ما بقي شيخ .. رايح فين ؟,unknown,0.0,13
S0022,22,موقع غير محدد,نهار,مدحت,هنتغدا .. تيجي معانا ؟,هنتغدا .. تيجي معانا ؟,unknown,0.0,4
S0022,22,موقع غير محدد,نهار,اميرة,يا ريت .. لا عايزة اروح لرأفت ولا عايز اروح البيت يشير لها ان تركب بينما ينظر امامه بينما نسمع صوت لاسلكي الشرطة يتحدث ويتناوله مدحت ليتحدث فيه,يا ريت .. لا عايزه اروح لرافت ولا عايز اروح البيت يشير لها ان تركب بينما ينظر امامه بينما نسمع صوت لاسلكي الشرطه يتحدث ويتناوله مدحت ليتحدث فيه,unknown,0.0,27
S0022,22,موقع غير محدد,نهار,طارق  وصل اهو,يقترب طارق منهم وينظر الى اميرة بشوق واضح,يقترب طارق منهم وينظر الي اميره بشوق واضح,unknown,0.0,8
S0022,22,موقع غير محدد,نهار,مدحت,انا اسف يا جماعة .. مضطر اسيبكوا .. محتاجني في المديرية يدير مدحت السيارة وينطلق تاركا اميرة وطارق,انا اسف يا جماعه .. مضطر اسيبكوا .. محتاجني في المديريه يدير مدحت السياره وينطلق تاركا اميره وطارق,unknown,0.0,16
S0022,22,موقع غير محدد,نهار,طارق,تحبي نتغدا فين .. خلي بالك .. انا بقى معايا فلوس فاختاري اي حتة تبتسم اميرة بشدة وهي تنظر له بحب,تحبي نتغدا فين .. خلي بالك .. انا بقي معايا فلوس فاختاري اي حته تبتسم اميره بشده وهي تنظر له بحب,unknown,0.0,19
S0023,23,موقع غير محدد,نهار,غرفة سنقر,تجلس سمرة على الارض مذهولة بينما يقرأ لها سنقر من الكتاب,تجلس سمره علي الارض مذهوله بينما يقرا لها سنقر من الكتاب,unknown,0.0,11
S0023,23,موقع غير محدد,نهار,سمرة,اعوذ بالله من الشيطان الرجيم .. اعوذ بالله من الشيطان الرجيم,اعوذ بالله من الشيطان الرجيم .. اعوذ بالله من الشيطان الرجيم,unknown,0.0,10
S0023,23,موقع غير محدد,نهار,سنقر,وكل يوم يا ستي يتكتب جديد,وكل يوم يا ستي يتكتب جديد,unknown,0.0,6
S0023,23,موقع غير محدد,نهار,سمرة,تاخد كام في الكتاب ده يا سنقر ؟,تاخد كام في الكتاب ده يا سنقر ؟,unknown,0.0,8
S0023,23,موقع غير محدد,نهار,سنقر,كام ايه يا سمرة .. ده كنز ما تقدريش على تمنه,كام ايه يا سمره .. ده كنز ما تقدريش علي تمنه,unknown,0.0,10
S0023,23,موقع غير محدد,نهار,سنقر,سمرة بلاش  عوق .. هطلعلك حسنة .. لكن طماع انا بقى اللي هبطح نفسي عليك,سمره بلاش  عوق .. هطلعلك حسنه .. لكن طماع انا بقي اللي هبطح نفسي عليك,unknown,0.0,13
S0023,23,موقع غير محدد,نهار,سمرة,ربك كريم .. يعجل ببطحك ان شاء الله,ربك كريم .. يعجل ببطحك ان شاء الله,unknown,0.0,7
S0023,23,موقع غير محدد,نهار,مطعم,يجلس اميرة وطارق يتناولا الطعام,يجلس اميره وطارق يتناولا الطعام,unknown,0.0,5
S0023,23,موقع غير محدد,نهار,اميرة,احنا جعانين للدرجة دي ؟؟ احنا بقالنا ربع ساعه ما بنتكلمش,احنا جعانين للدرجه دي ؟؟ احنا بقالنا ربع ساعه ما بنتكلمش,unknown,0.0,11
S0023,23,موقع غير محدد,نهار,طارق,عشان انتي عارفة لو اتكلمنا هنقول ايه يا اميرة ؟,عشان انتي عارفه لو اتكلمنا هنقول ايه يا اميره ؟,unknown,0.0,10
S0023,23,موقع غير محدد,نهار,اميرة,هنقول ايه يا طارق ؟,هنقول ايه يا طارق ؟,unknown,0.0,5
S0023,23,موقع غير محدد,نهار,طارق,انتي بتحبي رافت ؟ تصمت اميرة وتترك المعلقة من يدها,انتي بتحبي رافت ؟ تصمت اميره وتترك المعلقه من يدها,unknown,0.0,10
S0023,23,موقع غير محدد,نهار,اميرة,رافت بيحبني جدا يا طارق .. وانت عارف كده,رافت بيحبني جدا يا طارق .. وانت عارف كده,unknown,0.0,8
S0023,23,موقع غير محدد,نهار,طارق,انا  بسالك انتي عمرك حبتي رأفت ؟,انا  بسالك انتي عمرك حبتي رافت ؟,unknown,0.0,7
S0023,23,موقع غير محدد,نهار,اميرة,انت عايز ايه يا طارق ؟,انت عايز ايه يا طارق ؟,unknown,0.0,6
S0023,23,موقع غير محدد,نهار,طارق,مش عايز حاجة .. وانا من امتى اي حاجة بعوزها باخدها تتنهد اميرة وهي تنظر الى عينيه,مش عايز حاجه .. وانا من امتي اي حاجه بعوزها باخدها تتنهد اميره وهي تنظر الي عينيه,unknown,0.0,16
S0023,23,موقع غير محدد,نهار,اميرة,هعدلك الكلام اللي قولتهولك واحنا لسه في ثانوي .. انا الفقر كسرني يا طارق .. وما صدقت لقيت فرصة تصلب طولي .. لو عندي رفاهية الاختيار .. مش هكون لغيرك .. رغم حركة نور الخيبة اللي انت عملتها,هعدلك الكلام اللي قولتهولك واحنا لسه في ثانوي .. انا الفقر كسرني يا طارق .. وما صدقت لقيت فرصه تصلب طولي .. لو عندي رفاهيه الاختيار .. مش هكون لغيرك .. رغم حركه نور الخيبه اللي انت عملتها,unknown,0.0,33
S0023,23,موقع غير محدد,نهار,طارق,حركة نور الخيبة دي انا عاملتها  عشان رافت لملحلي انه عارف اني بحبك,حركه نور الخيبه دي انا عاملتها  عشان رافت لملحلي انه عارف اني بحبك,unknown,0.0,13
S0023,23,موقع غير محدد,نهار,اميرة,عارف ؟,عارف ؟,unknown,0.0,2
S0023,23,موقع غير محدد,نهار,طارق,ما اعرفش .. كان تلميح وشك وكنت لازم اقتله .. لكن اكيد نور عمرها ما كانت تنفعلي,ما اعرفش .. كان تلميح وشك وكنت لازم اقتله .. لكن اكيد نور عمرها ما كانت تنفعلي,unknown,0.0,15
S0023,23,موقع غير محدد,نهار,اميرة,عموما يا طارق .. طول ما انا وانت فقرا ... عمرنا ما هنقدر نختار ..,عموما يا طارق .. طول ما انا وانت فقرا .. عمرنا ما هنقدر نختار ..,unknown,0.0,12
S0023,23,موقع غير محدد,نهار,اميرة,اوعى تفتكر ان الفلوس اللي بتدخلك من شرايط الخطب دي فلوس يا طارق يصمت طارق فتنظر له اميرة,اوعي تفتكر ان الفلوس اللي بتدخلك من شرايط الخطب دي فلوس يا طارق يصمت طارق فتنظر له اميره,unknown,0.0,18
S0024,24,موقع غير محدد,ليل,نور,حسين يا يعقوب .. ايام الجامعة لما كنت اخوانجي في الاستخباية .. وجيت تحجبني .. عرفت ان ماليش في السكة دي .. ده غير ان حجاب ايه يا اهبل انت .. ده همه فيلمين كل  دور قد كده .. وفيديو اغنية .. هتستفاد ايه من حجابي,حسين يا يعقوب .. ايام الجامعه لما كنت اخوانجي في الاستخبايه .. وجيت تحجبني .. عرفت ان ماليش في السكه دي .. ده غير ان حجاب ايه يا اهبل انت .. ده همه فيلمين كل  دور قد كده .. وفيديو اغنيه .. هتستفاد ايه من حجابي,unknown,0.0,39
S0024,24,موقع غير محدد,ليل,حسين,ومين قالك اني عايزك انتي اللي تتحجبي ؟,ومين قالك اني عايزك انتي اللي تتحجبي ؟,unknown,0.0,8
S0024,24,موقع غير محدد,ليل,نور,عروستي ؟,عروستي ؟,unknown,0.0,2
S0024,24,موقع غير محدد,ليل,حسين,يا ستي .. انا عايزك تشوفيلي مين في الوسط اعصابها تعبانة .. نفسيتها تعبانة .. مين منهم بتشاور عقلها .. مين بتحضر دروس عند هناء ثروت .. كده وتقوليلي,يا ستي .. انا عايزك تشوفيلي مين في الوسط اعصابها تعبانه .. نفسيتها تعبانه .. مين منهم بتشاور عقلها .. مين بتحضر دروس عند هناء ثروت .. كده وتقوليلي,unknown,0.0,24
S0024,24,موقع غير محدد,ليل,نور,الكلام ده لحساب مين ؟ امن الدولة ولا صفوت الشريف ؟ ولا شيخ من شيوخ الخليج,الكلام ده لحساب مين ؟ امن الدوله ولا صفوت الشريف ؟ ولا شيخ من شيوخ الخليج,unknown,0.0,16
S0024,24,موقع غير محدد,ليل,حسين,ولا ده ولا ده ولا ده ..  انتي مش يهمك  امر طارق يحى,ولا ده ولا ده ولا ده ..  انتي مش يهمك  امر طارق يحي,unknown,0.0,12
S0024,24,موقع غير محدد,ليل,حسين,بكره تعرفي .. ها اكل ولا بحلقة تنظر له نور قليلا وهي تفكر,بكره تعرفي .. ها اكل ولا بحلقه تنظر له نور قليلا وهي تفكر,unknown,0.0,12
S0024,24,موقع غير محدد,ليل,حسين,نعم ؟,نعم ؟,unknown,0.0,2
S0024,24,موقع غير محدد,ليل,نور,زي ما سمعت .. كل اللي فوق منفدين على بعض .. بدقون من غير كله منفد على بعضه .. هساعدك .. بس انت خلي اللي باعتك يساعدني,زي ما سمعت .. كل اللي فوق منفدين علي بعض .. بدقون من غير كله منفد علي بعضه .. هساعدك .. بس انت خلي اللي باعتك يساعدني,unknown,0.0,23
S0025,25,موقع غير محدد,ليل,اميرة,على حسب اللي عايزة تتكلمي فيه ؟,علي حسب اللي عايزه تتكلمي فيه ؟,unknown,0.0,7
S0025,25,موقع غير محدد,ليل,سمرة,انتي بتشتغلي في كباريه ؟ تعتدل اميرة لتنظر الى سمرة,انتي بتشتغلي في كباريه ؟ تعتدل اميره لتنظر الي سمره,unknown,0.0,10
S0025,25,موقع غير محدد,ليل,اميرة,وانتي عرفتي منين ؟,وانتي عرفتي منين ؟,unknown,0.0,4
S0025,25,موقع غير محدد,ليل,سمرة,عرفت من مطرح ما عرفت,عرفت من مطرح ما عرفت,unknown,0.0,5
S0025,25,موقع غير محدد,ليل,اميرة,طيب بتهيالي انتي اخر واحدة ممكن تحاسبيني على اي حاجة .. وما تخافيش انا لا بشتغل رقاصة ولا بشتغل مموس,طيب بتهيالي انتي اخر واحده ممكن تحاسبيني علي اي حاجه .. وما تخافيش انا لا بشتغل رقاصه ولا بشتغل مموس,unknown,0.0,19
S0025,25,موقع غير محدد,ليل,سمرة,انا عرفت كمان انك عارفة كل حاجة عني,انا عرفت كمان انك عارفه كل حاجه عني,unknown,0.0,8
S0025,25,موقع غير محدد,ليل,اميرة,واضح انك اطلعتي على الغيب النهارده تكمل سمرة وكأنها لا تسمع اميرة,واضح انك اطلعتي علي الغيب النهارده تكمل سمره وكانها لا تسمع اميره,unknown,0.0,12
S0025,25,موقع غير محدد,ليل,سمرة,انا عملت كل حاجة غلط في حياتي يا اميرة .. الا حاجة واحدة بس اني افرط فيكي او في شرفك او اسيب حد يمس منك شعرة,انا عملت كل حاجه غلط في حياتي يا اميره .. الا حاجه واحده بس اني افرط فيكي او في شرفك او اسيب حد يمس منك شعره,unknown,0.0,25
S0025,25,موقع غير محدد,ليل,اميرة,امة بالله عليكي .. انا مقضية يوم قرف .. ماليش مزاج اسمع اسطوانة الحنية اللي انتي مدوراها دي .. فسيبيني انام تنهض سمرة وتتركها لتتجه الى الباب وتفتحه ثم تستدير لتنظر اليها,امه بالله عليكي .. انا مقضيه يوم قرف .. ماليش مزاج اسمع اسطوانه الحنيه اللي انتي مدوراها دي .. فسيبيني انام تنهض سمره وتتركها لتتجه الي الباب وتفتحه ثم تستدير لتنظر اليها,unknown,0.0,29
S0025,25,موقع غير محدد,ليل,سمرة,عايزة اقولك حاجة تانية كمان  .. انا مش هسمح اني اكون سبب في اذيتك .. او ان شغلنتي دي تكون طوبة في طريق مستقبلك تخرج سمرة من الباب تاركة اميرة مندهشة,عايزه اقولك حاجه تانيه كمان  .. انا مش هسمح اني اكون سبب في اذيتك .. او ان شغلنتي دي تكون طوبه في طريق مستقبلك تخرج سمره من الباب تاركه اميره مندهشه,unknown,0.0,29
S0025,25,موقع غير محدد,ليل,سمرة اتجننت,تسند اميرة راسها على ظهر السرير وتتذكر صوت طارق,تسند اميره راسها علي ظهر السرير وتتذكر صوت طارق,unknown,0.0,9
S0025,25,موقع غير محدد,ليل,صوت طارق,انا  بسالك انتي عمرك حبتي رأفت ؟,انا  بسالك انتي عمرك حبتي رافت ؟,unknown,0.0,7
S0025,25,موقع غير محدد,ليل,اميرة,الو .. طارق .. كويس انك صاحي .. السؤال اللي انت سالتهوني الصبح مخليني مش جايلي نوم .. وكنت عايزة اجاوبك ..  لا يا طارق عمري ما حبيته,الو .. طارق .. كويس انك صاحي .. السؤال اللي انت سالتهوني الصبح مخليني مش جايلي نوم .. وكنت عايزه اجاوبك ..  لا يا طارق عمري ما حبيته,unknown,0.0,23
S0026,26,موقع غير محدد,ليل,رأفت,الحيوان  ده ما اتصلش ليه ؟,الحيوان  ده ما اتصلش ليه ؟,unknown,0.0,6
S0027,27,موقع غير محدد,نهار,غرفة سنقر,نرى سنقر ملقى على الارض والدماء تنزف من رأسه بشدة,نري سنقر ملقي علي الارض والدماء تنزف من راسه بشده,unknown,0.0,10
S0029,29,موقع غير محدد,نهار,اميرة,السؤال ده يخص القضية في ايه,السؤال ده يخص القضيه في ايه,unknown,0.0,6
S0029,29,موقع غير محدد,نهار,اميرة,واحنا ايه العشم والود اللي بينا .. يخليك تسأل سؤال  زي  ده ؟,واحنا ايه العشم والود اللي بينا .. يخليك تسال سؤال  زي  ده ؟,unknown,0.0,12
S0029,29,موقع غير محدد,نهار,انا هجاوبك,ينظر لها الخمس اصدقاء باستغراب,ينظر لها الخمس اصدقاء باستغراب,unknown,0.0,5
S0029,29,موقع غير محدد,نهار,نور,اه احنا كنا نعرف ابوك .. ومعرفة طويلة قوي كمان .. وانا كنت مراته .. وكل واحد فينا راح لحال سبيله ..,اه احنا كنا نعرف ابوك .. ومعرفه طويله قوي كمان .. وانا كنت مراته .. وكل واحد فينا راح لحال سبيله ..,unknown,0.0,18
S0029,29,موقع غير محدد,نهار,لؤي,والدتي الله يرحمها قبل ما تموت ..,والدتي الله يرحمها قبل ما تموت ..,unknown,0.0,6
S0029,29,موقع غير محدد,نهار,مدحت,دي هتقلب قعدة نسوان بقى,دي هتقلب قعده نسوان بقي,unknown,0.0,5
S0029,29,موقع غير محدد,نهار,لؤي,قالتلي ان واحد فيكوا هو اللي قتل ابويا,قالتلي ان واحد فيكوا هو اللي قتل ابويا,unknown,0.0,8
S0029,29,موقع غير محدد,نهار,طارق,وما قدمتش اتهام رسمي ليه ضدنا,وما قدمتش اتهام رسمي ليه ضدنا,unknown,0.0,6
S0029,29,موقع غير محدد,نهار,لؤي,عشان لسه ما عيش دليل,عشان لسه ما عيش دليل,unknown,0.0,5
S0029,29,موقع غير محدد,نهار,رأفت,مش غريبة قوي قعدة الصراحة  اللي انت عاملهالنا دي .. كان الاسلم ان ما تقولناش لو ناوي تدور على دليل,مش غريبه قوي قعده الصراحه  اللي انت عاملهالنا دي .. كان الاسلم ان ما تقولناش لو ناوي تدور علي دليل,unknown,0.0,19
S0029,29,موقع غير محدد,نهار,لؤي,ده اللي كان هيحصل .. لولا اني قابلت ابنكوا .. وقالي لو عايز تعرف الحقيقه ركز مع امي وصاحبتها .. فحبيت كل حاجة تبقى على ميا بيضا .. عشان واضح ان بينا طريق طويل,ده اللي كان هيحصل .. لولا اني قابلت ابنكوا .. وقالي لو عايز تعرف الحقيقه ركز مع امي وصاحبتها .. فحبيت كل حاجه تبقي علي ميا بيضا .. عشان واضح ان بينا طريق طويل,unknown,0.0,30
S0029,29,موقع غير محدد,نهار,اميرة,امجد ؟ يطرق احدهم على الباب  فيدخل امين شرطة,امجد ؟ يطرق احدهم علي الباب  فيدخل امين شرطه,unknown,0.0,9
S0029,29,موقع غير محدد,نهار,الامين,الترحيلة جاهزة يا لؤي باشا,الترحيله جاهزه يا لؤي باشا,unknown,0.0,5
S0029,29,موقع غير محدد,نهار,لؤي,اتفضلوا .. وهنتقابل كتير ينظر له الاصدقاء قليلا ثم ينهض واحد تلو الاخر ويتجهوا الى الباب على رأسهم رأفت على كرسيه المتحرك بينما تظل نهالى الى النهاية جالسة تنظر الى لؤي,اتفضلوا .. وهنتقابل كتير ينظر له الاصدقاء قليلا ثم ينهض واحد تلو الاخر ويتجهوا الي الباب علي راسهم رافت علي كرسيه المتحرك بينما تظل نهالي الي النهايه جالسه تنظر الي لؤي,unknown,0.0,30
S0029,29,موقع غير محدد,نهار,نهال,ما عنديش دليل على ان ما فيش حد فينا قتل والدك .. لكن عندي امانة المفروض كنت اسلمها لوالدتك لولا ظروف حصلتلي ثم تمسك ورقة  وقلم وتكتب اسم بنك  ورقم خزنة ثم تتناول حقيبتها لتخرج ميدلية مفاتيحها وتخرج منها مفتاح ما وتضعه بجوار الورقة,ما عنديش دليل علي ان ما فيش حد فينا قتل والدك .. لكن عندي امانه المفروض كنت اسلمها لوالدتك لولا ظروف حصلتلي ثم تمسك ورقه  وقلم وتكتب اسم بنك  ورقم خزنه ثم تتناول حقيبتها لتخرج ميدليه مفاتيحها وتخرج منها مفتاح ما وتضعه بجوار الورقه,unknown,0.0,43
S0030,30,موقع غير محدد,نهار,اميرة,انت قولت حاجة لامجد يا رافت ؟,انت قولت حاجه لامجد يا رافت ؟,unknown,0.0,7
S0030,30,موقع غير محدد,نهار,رأفت,حاجة زي ايه ؟,حاجه زي ايه ؟,unknown,0.0,4
S0030,30,موقع غير محدد,نهار,رأفت,واحنا اللي يخصنا .. ينفع يتحكي يا اميرة ... ويتحكي لمين لعيالنا,واحنا اللي يخصنا .. ينفع يتحكي يا اميره .. ويتحكي لمين لعيالنا,unknown,0.0,10
S0030,30,موقع غير محدد,نهار,اميرة,امال ايه اللي ابن سليم بيقولوا ده .. عرف منين امجد حاجة زي كده ؟,امال ايه اللي ابن سليم بيقولوا ده .. عرف منين امجد حاجه زي كده ؟,unknown,0.0,14
S0032,32,بداية الفلاش باك,ليل,خيري,وسكنتهم ؟,وسكنتهم ؟,unknown,0.0,2
S0032,32,بداية الفلاش باك,ليل,حسين,يا خيري باشا .. كله تمام .. سيادتك تؤمر بس,يا خيري باشا .. كله تمام .. سيادتك تؤمر بس,unknown,0.0,8
S0032,32,بداية الفلاش باك,ليل,خيري,الامر لله .. مالكش اخ عايز يسافر الكويت,الامر لله .. مالكش اخ عايز يسافر الكويت,unknown,0.0,7
S0032,32,بداية الفلاش باك,ليل,خيري,ياريت .. عن اذنك بقى ينزل حسين من السيارة فتنطلق السيارة مبتعدة,ياريت .. عن اذنك بقي ينزل حسين من السياره فتنطلق السياره مبتعده,unknown,0.0,11
S0033,33,موقع غير محدد,ليل,رأفت,اونكل خيري يااه ده  انا قربت انسى شكلك ... ثم يتجه اليه بينما ينهض خيري ليحتضنه بحب حقيقي واضح  ثم يجلس بجواره,اونكل خيري يااه ده  انا قربت انسي شكلك .. ثم يتجه اليه بينما ينهض خيري ليحتضنه بحب حقيقي واضح  ثم يجلس بجواره,unknown,0.0,21
S0033,33,موقع غير محدد,ليل,خيري,الدنيا مشاغل والله يا رأفت .. بس انا بسأل عليك كل ما اكلم فريد,الدنيا مشاغل والله يا رافت .. بس انا بسال عليك كل ما اكلم فريد,unknown,0.0,13
S0033,33,موقع غير محدد,ليل,رأفت,ولا بيقولي .. مش هتسيبك من الكويت بقى وتيجي مصر ؟,ولا بيقولي .. مش هتسيبك من الكويت بقي وتيجي مصر ؟,unknown,0.0,10
S0033,33,موقع غير محدد,ليل,خيري,لما اشطب على الكويت كلها الاول,لما اشطب علي الكويت كلها الاول,unknown,0.0,6
S0033,33,موقع غير محدد,ليل,رأفت,بتكلم جد والله . .,بتكلم جد والله . .,unknown,0.0,3
S0033,33,موقع غير محدد,ليل,خيري,يا ابني  البلد هناك كلها فلوس .. في كل حتة فلوس .. منين ما تحط ايدك تطلع فلوس وشغل ..   والحكومة بتساعدك  وبتقف جنبك مش زي قرف هنا,يا ابني  البلد هناك كلها فلوس .. في كل حته فلوس .. منين ما تحط ايدك تطلع فلوس وشغل ..  والحكومه بتساعدك  وبتقف جنبك مش زي قرف هنا,unknown,0.0,25
S0033,33,موقع غير محدد,ليل,فريد,بسيرة قرف هنا شوفت الحكومة قالبة الدنيا علية ازاي .. عشان الدرا الصفرا,بسيره قرف هنا شوفت الحكومه قالبه الدنيا عليه ازاي .. عشان الدرا الصفرا,unknown,0.0,12
S0033,33,موقع غير محدد,ليل,خيري,اه سمعت ما هو صندوق النقد الدولي برضه .. مش سيبهم في حالهم .. ازمة علف الدواجن  قالبة الدنيا  .. بس عموما انت قدها وقدود وهتخرج منها,اه سمعت ما هو صندوق النقد الدولي برضه .. مش سيبهم في حالهم .. ازمه علف الدواجن  قالبه الدنيا  .. بس عموما انت قدها وقدود وهتخرج منها,unknown,0.0,24
S0033,33,موقع غير محدد,ليل,خيري,عرفتي ان الملكة فريدة تعبانة,عرفتي ان الملكه فريده تعبانه,unknown,0.0,5
S0033,33,موقع غير محدد,ليل,رأفت,طب انا هستأذنكوا بقى عشان انت فاهم يا اونكل رأفت .. بيزنس وكمان الملكة فريدة بيجيلي عسر هضم,طب انا هستاذنكوا بقي عشان انت فاهم يا اونكل رافت .. بيزنس وكمان الملكه فريده بيجيلي عسر هضم,unknown,0.0,17
S0034,34,موقع غير محدد,ليل,كريم,واصف فايز  عايزك في بطولة ؟,واصف فايز  عايزك في بطوله ؟,unknown,0.0,6
S0034,34,موقع غير محدد,ليل,نور,مش بطولة  مرة واحدة يعني .. تقدر تقول دور مهم وهنزل على الافيش,مش بطوله  مره واحده يعني .. تقدر تقول دور مهم وهنزل علي الافيش,unknown,0.0,12
S0034,34,موقع غير محدد,ليل,كريم,مبروك يا ستي .. ده يوم المنى,مبروك يا ستي .. ده يوم المني,unknown,0.0,6
S0034,34,موقع غير محدد,ليل,نور,المهم .. اسمع بقى اللي جيالك عشانه,المهم .. اسمع بقي اللي جيالك عشانه,unknown,0.0,6
S0035,35,موقع غير محدد,ليل,اميرة,ودي حسابات الشهر اللي فات,ودي حسابات الشهر اللي فات,unknown,0.0,5
S0035,35,موقع غير محدد,ليل,رأفت,تمام .. ممكن كفاية شغل ونروح نسهر في اي حتة ؟ وهي تخرج مجموعة اوراق من دفتر امامها,تمام .. ممكن كفايه شغل ونروح نسهر في اي حته ؟ وهي تخرج مجموعه اوراق من دفتر امامها,unknown,0.0,17
S0035,35,موقع غير محدد,ليل,اميرة,حاجة اخيرة بس .. في 18 بنت فجأة ظهروا في الكباريه بمرتبات بسكن .. وما اعرف شاي تفاصيل عنهم,حاجه اخيره بس .. في 18 بنت فجاه ظهروا في الكباريه بمرتبات بسكن .. وما اعرف شاي تفاصيل عنهم,unknown,0.0,16
S0035,35,موقع غير محدد,ليل,رأفت,يعني ايه الكلام ده ؟,يعني ايه الكلام ده ؟,unknown,0.0,5
S0035,35,موقع غير محدد,ليل,اميرة,زي ما بقولك .. انا متخيلة انك عارف .. انا بسأل بس عشان المرتبات,زي ما بقولك .. انا متخيله انك عارف .. انا بسال بس عشان المرتبات,unknown,0.0,12
S0035,35,موقع غير محدد,ليل,رأفت,ما اعرفش حاجة زي كده .. طب ما اتكلمتيش معاهم ؟,ما اعرفش حاجه زي كده .. طب ما اتكلمتيش معاهم ؟,unknown,0.0,10
S0035,35,موقع غير محدد,ليل,ما بيتكلموش عربي,يزداد استغراب رأفت ثم يترك اميرة ويخرج,يزداد استغراب رافت ثم يترك اميره ويخرج,unknown,0.0,7
S0036,36,موقع غير محدد,ليل,كريم,ايه العك اللي انتي بتعكيه ده  يا نور .. ممثلات ايه وحجاب ايه ؟,ايه العك اللي انتي بتعكيه ده  يا نور .. ممثلات ايه وحجاب ايه ؟,unknown,0.0,13
S0036,36,موقع غير محدد,ليل,نور,يفرق ايه ده عن  شرايط الخطب اللي بتشتغل فيها,يفرق ايه ده عن  شرايط الخطب اللي بتشتغل فيها,unknown,0.0,9
S0036,36,موقع غير محدد,ليل,كريم,يفرق كتير .. ده شغل .. يمكن اكون  مش بصلي .. مش شايف ديني كويس .. لكن مش بضحك على حد .. شيخ محترم بنسجل كلامه .. لكن اللي انتي بتتكلمي فيه ده لبش,يفرق كتير .. ده شغل .. يمكن اكون  مش بصلي .. مش شايف ديني كويس .. لكن مش بضحك علي حد .. شيخ محترم بنسجل كلامه .. لكن اللي انتي بتتكلمي فيه ده لبش,unknown,0.0,28
S0036,36,موقع غير محدد,ليل,نور,وتاجر السلاح اللي مستنيه ينتج .. مش لبش ؟.. فيه  ايه يا كريم .. ده احنا دافنينه سوا ..هتساعدني  ولا اشيل الليلة لوحدي ؟,وتاجر السلاح اللي مستنيه ينتج .. مش لبش ؟.. فيه  ايه يا كريم .. ده احنا دافنينه سوا ..هتساعدني  ولا اشيل الليله لوحدي ؟,unknown,0.0,22
S0036,36,موقع غير محدد,ليل,كريم,هتنيل .. يلعن ديك الحب يا ستي,هتنيل .. يلعن ديك الحب يا ستي,unknown,0.0,6
S0036,36,موقع غير محدد,ليل,كريم,من غير بس .. عارف ان عمر ما في حاجة هتجمعنا .. واننا صحاب وراضي ... شوفتي ذل اكتر من كده,من غير بس .. عارف ان عمر ما في حاجه هتجمعنا .. واننا صحاب وراضي .. شوفتي ذل اكتر من كده,unknown,0.0,18
S0036,36,موقع غير محدد,ليل,نور,شوفت .. انك تشوف حد بيحبك بالشكل ده .. وتقوله لا,شوفت .. انك تشوف حد بيحبك بالشكل ده .. وتقوله لا,unknown,0.0,9
S0037,37,موقع غير محدد,ليل,رأفت,you don’t speak English ? تنظر له الفتاة بعدم فهم  فيحتار رأفت ثم ينتبه  ويبدأ يشير لها مستفسرا من اين انتي بالاشارة فلا تفهم الفتاة فيشير لنفسه,you don’t speak English ? تنظر له الفتاه بعدم فهم  فيحتار رافت ثم ينتبه  ويبدا يشير لها مستفسرا من اين انتي بالاشاره فلا تفهم الفتاه فيشير لنفسه,unknown,0.0,22
S0037,37,موقع غير محدد,ليل,رأفت,انا مصري .. Egypt >>>misr >>,انا مصري .. Egypt >>misr >>,unknown,0.0,2
S0037,37,موقع غير محدد,ليل,رأفت,انتي .. ثم يشير حوله كأنه يرسم  كرة فتتفهم الفتاة الفتاة:irak …irak,انتي .. ثم يشير حوله كانه يرسم  كره فتتفهم الفتاه الفتاه:irak …irak,unknown,0.0,10
S0037,37,موقع غير محدد,ليل,رأفت,انتي  من العراق ؟ وما تتكلميش عربي ليه ؟ ثم يصمت لحظة وينظر الى وجهها,انتي  من العراق ؟ وما تتكلميش عربي ليه ؟ ثم يصمت لحظه وينظر الي وجهها,unknown,0.0,15
S0037,37,موقع غير محدد,ليل,رأفت,انتي من الاكراد ؟,انتي من الاكراد ؟,unknown,0.0,4
S0038,38,موقع غير محدد,ليل,طارق,انا مش فاهم حاجة يعني ايه درس للستات,انا مش فاهم حاجه يعني ايه درس للستات,unknown,0.0,8
S0038,38,موقع غير محدد,ليل,كريم,يعني درس يحضره الستات ... وتكون الخطبة عن الحاجات اللي بتعملها الستات غلط .. اللبس .. الشعر .. الحجاب ..  الحاجات بتاعت الستات دي,يعني درس يحضره الستات .. وتكون الخطبه عن الحاجات اللي بتعملها الستات غلط .. اللبس .. الشعر .. الحجاب ..  الحاجات بتاعت الستات دي,unknown,0.0,19
S0038,38,موقع غير محدد,ليل,لا انا مش موافق,وقد تغير صوته من اللين للحزم,وقد تغير صوته من اللين للحزم,unknown,0.0,6
S0038,38,موقع غير محدد,ليل,كريم,يعني ايه مش موافق .. ده شغل يا شيخنا,يعني ايه مش موافق .. ده شغل يا شيخنا,unknown,0.0,8
S0038,38,موقع غير محدد,ليل,طارق,بس انا مش هدي دروس على مزاجك .. ثم  انا ليا قرايب بنات لسه ما اتحجبوش وليا صديقات برضه ما اتحجبوش.. وبتعامل معاهم وعمري ما نصحتهم  بفضيلة الحجاب .. لما اطلع ادي دروس للبنات والستات عنه .. ابقى منافق,بس انا مش هدي دروس علي مزاجك .. ثم  انا ليا قرايب بنات لسه ما اتحجبوش وليا صديقات برضه ما اتحجبوش.. وبتعامل معاهم وعمري ما نصحتهم  بفضيله الحجاب .. لما اطلع ادي دروس للبنات والستات عنه .. ابقي منافق,unknown,0.0,36
S0038,38,موقع غير محدد,ليل,كريم,سهلة حجب اخواتك واصحابك .. وادي الدرس,سهله حجب اخواتك واصحابك .. وادي الدرس,unknown,0.0,6
S0038,38,موقع غير محدد,ليل,طارق,انا اسف يا استاذ كريم .. انا بتهيألي احنا مش هينفع نكمل مع بعض شغل يخرج كريم صورة من العقد ويضعها امام طارق,انا اسف يا استاذ كريم .. انا بتهيالي احنا مش هينفع نكمل مع بعض شغل يخرج كريم صوره من العقد ويضعها امام طارق,unknown,0.0,22
S0038,38,موقع غير محدد,ليل,كريم,بس  على العقد كام سنة .. والشرط الجزائي اللي فيه قد ايه .. ولما تبص .. حضر درسك ومستنيك بكره في الجامع,بس  علي العقد كام سنه .. والشرط الجزائي اللي فيه قد ايه .. ولما تبص .. حضر درسك ومستنيك بكره في الجامع,unknown,0.0,19
S0039,39,موقع غير محدد,ليل,حسين,رأفت .. خير من زمان قوي ما جتش لقيتك مستنيني,رافت .. خير من زمان قوي ما جتش لقيتك مستنيني,unknown,0.0,9
S0039,39,موقع غير محدد,ليل,رأفت,البنات الكرديات اللي في الكباريه .. دخلوا ازاي يا حسين يصدم حسين وهو يقترب من رأفت,البنات الكرديات اللي في الكباريه .. دخلوا ازاي يا حسين يصدم حسين وهو يقترب من رافت,unknown,0.0,15
S0039,39,موقع غير محدد,ليل,حسين,كرديات ؟,كرديات ؟,unknown,0.0,2
S0039,39,موقع غير محدد,ليل,رأفت,اه يا حسين .. اكراد .. اسرى من اللي صدام بيقبض عليهم دلوقتي في جريمة الانفال اللي بينيلها  .. جم في الكباريه بتاعي ازاي يا حسين وقد بدا عليه الفهم ان رأفت في منتهى الغضب,اه يا حسين .. اكراد .. اسري من اللي صدام بيقبض عليهم دلوقتي في جريمه الانفال اللي بينيلها  .. جم في الكباريه بتاعي ازاي يا حسين وقد بدا عليه الفهم ان رافت في منتهي الغضب,unknown,0.0,32
S0039,39,موقع غير محدد,ليل,حسين,انا ماليش دعوة .. ولا حتى اتكلمت معاهم .ز ولا اعرف انهم اكراد .. انا عبد المأمور في الحكاية دي ؟,انا ماليش دعوه .. ولا حتي اتكلمت معاهم .ز ولا اعرف انهم اكراد .. انا عبد المامور في الحكايه دي ؟,unknown,0.0,19
S0039,39,موقع غير محدد,ليل,رأفت,ومين اللي امرك ؟,ومين اللي امرك ؟,unknown,0.0,4
S0040,40,موقع غير محدد,ليل,مكتب فريد هجرس,يجلس فريد خلف مكتبه بينما يجلس رأفت امامه وهو في حالة حنق مبالغ,يجلس فريد خلف مكتبه بينما يجلس رافت امامه وهو في حاله حنق مبالغ,unknown,0.0,13
S0040,40,موقع غير محدد,ليل,فريد,يا ابني مش احسن ما يموتوا مع اللي بيموتوا هناك .. ما انت شايف الاخبار .. طايح فيهم بقالوا شهرين زي المجنون,يا ابني مش احسن ما يموتوا مع اللي بيموتوا هناك .. ما انت شايف الاخبار .. طايح فيهم بقالوا شهرين زي المجنون,unknown,0.0,20
S0040,40,موقع غير محدد,ليل,رأفت,لا ..احسن كانوا يموتوا ..على الاقل كانوا هيموتوا شهدا ... اشرفلهم من انهم يجوا يشتغلوا غصب في كباريهات شارع الهرم,لا ..احسن كانوا يموتوا ..علي الاقل كانوا هيموتوا شهدا .. اشرفلهم من انهم يجوا يشتغلوا غصب في كباريهات شارع الهرم,unknown,0.0,19
S0040,40,موقع غير محدد,ليل,فريد,خلاص يا رأفت .. روح اقتلهم .. واديهم الشرف ده على ايدك .. يصدم رأفت من رد والده,خلاص يا رافت .. روح اقتلهم .. واديهم الشرف ده علي ايدك .. يصدم رافت من رد والده,unknown,0.0,15
S0040,40,موقع غير محدد,ليل,رأفت,خلي بالك يا بابا .. طريقة تفكيرك دي مش طريقة تفكير رأسمالين .. دي طريقة تفكير عصباجية .. واخرة العصباجية وحشة,خلي بالك يا بابا .. طريقه تفكيرك دي مش طريقه تفكير راسمالين .. دي طريقه تفكير عصباجيه .. واخره العصباجيه وحشه,unknown,0.0,18
S0041,41,موقع غير محدد,ليل,رأفت,زي ما دخلتهم .. تخرجهم .. ودي اخر مرة يا حسين .. تعمل حاجة من ورايا .. انت شغال معايا مش مع بابا ... واتمنى .. تفضل فاكر ان احن اشتغلنا معاهم  عشان في غاية تانية عندنا اهم  .. لكن عمرنا ما هنكون زيهم,زي ما دخلتهم .. تخرجهم .. ودي اخر مره يا حسين .. تعمل حاجه من ورايا .. انت شغال معايا مش مع بابا .. واتمني .. تفضل فاكر ان احن اشتغلنا معاهم  عشان في غايه تانيه عندنا اهم  .. لكن عمرنا ما هنكون زيهم,unknown,0.0,37
S0041,41,موقع غير محدد,ليل,حسين,بس هودي 18 بنت فين ؟,بس هودي 18 بنت فين ؟,unknown,0.0,5
S0042,42,موقع غير محدد,ليل,سمرة,ينيلك .. ده انا ما شوفتكش من سنين السنين .. من ايام البت منال صديقة الطلب .. خش يا منيل يدخل حسين ويتجه خلفها الى الكنبة,ينيلك .. ده انا ما شوفتكش من سنين السنين .. من ايام البت منال صديقه الطلب .. خش يا منيل يدخل حسين ويتجه خلفها الي الكنبه,unknown,0.0,23
S0042,42,موقع غير محدد,ليل,حسين,مالك وشك مخطوف ليه كده,مالك وشك مخطوف ليه كده,unknown,0.0,5
S0042,42,موقع غير محدد,ليل,سمرة,تعبانة شوية ..هات ريال ابعت حد يجبلك sefen,تعبانه شويه ..هات ريال ابعت حد يجبلك sefen,unknown,0.0,7
S0042,42,موقع غير محدد,ليل,حسين,لا انا شارب .. ومستكفي ..,لا انا شارب .. ومستكفي ..,unknown,0.0,4
S0042,42,موقع غير محدد,ليل,سمرة,طب انفض اللي في قلعك .. ايه اللي رماك عليا بعد السنين دي؟,طب انفض اللي في قلعك .. ايه اللي رماك عليا بعد السنين دي؟,unknown,0.0,12
S0042,42,موقع غير محدد,ليل,حسين,مصلحة .. 18 صاروخ,مصلحه .. 18 صاروخ,unknown,0.0,2
S0042,42,موقع غير محدد,ليل,سمرة,18 مرة واحدة .. اهاليهم فين دول,18 مره واحده .. اهاليهم فين دول,unknown,0.0,5
S0042,42,موقع غير محدد,ليل,سمرة,حلو .. بالكارتونة .. ولا خرج بيت,حلو .. بالكارتونه .. ولا خرج بيت,unknown,0.0,5
S0042,42,موقع غير محدد,ليل,من ده على دا,تتناول عباءة سوداء على مرمى بصرها وهي تنهض,تتناول عباءه سوداء علي مرمي بصرها وهي تنهض,unknown,0.0,8
S0043,43,موقع غير محدد,ليل,نهال,ياابني انت مش اللي زيك بيناموا بدري عشان يصحوا يحموا الوطن ؟,ياابني انت مش اللي زيك بيناموا بدري عشان يصحوا يحموا الوطن ؟,unknown,0.0,12
S0044,44,موقع غير محدد,ليل,نهال,ما بعرفش انام واحنا زعلانين من بعض ...  ايوة عارف انك مش زعلانة .. لكن انا زعلان .. يا نهال انا مش بحبك بس .. انا لو في حاجة اكتر من الحب هتبقى هي اللي جوايا .. وانا مش بطلب حاجة غريبة .. انا عايز نتجوز,ما بعرفش انام واحنا زعلانين من بعض ..  ايوه عارف انك مش زعلانه .. لكن انا زعلان .. يا نهال انا مش بحبك بس .. انا لو في حاجه اكتر من الحب هتبقي هي اللي جوايا .. وانا مش بطلب حاجه غريبه .. انا عايز نتجوز,unknown,0.0,40
S0045,45,موقع غير محدد,ليل,نهال,حاضر يا مدحت .. هيحصل .. في حاجة لازم اعملها الاول قبل  ما احدد معاك الميعاد .. هعملها خلال ايام .. وبعدها هبقى مراتك .. حاجة ايه ؟..تصبح على خير يا مدحت بطل رخامة تبدو شاردة للغاية وهي تغلق الخط ثم تضع الكارت بجوار الهاتف وتضع رأسها على المخدة لتنام,حاضر يا مدحت .. هيحصل .. في حاجه لازم اعملها الاول قبل  ما احدد معاك الميعاد .. هعملها خلال ايام .. وبعدها هبقي مراتك .. حاجه ايه ؟..تصبح علي خير يا مدحت بطل رخامه تبدو شارده للغايه وهي تغلق الخط ثم تضع الكارت بجوار الهاتف وتضع راسها علي المخده لتنام,unknown,0.0,46
S0046,46,موقع غير محدد,نهار,مسجد,يدخل طارق الى المسجد الممتلئ بالسيدات ويجد معدات التسجيل الصوتي ويشعر ان هناك شيء ما غريب في الاجواء حيث يشعر ان السيدات الموجودات مصطنعات ويتظاهرن بالتدين والالتزام بينما يقف كريم يتابع الاعدادات فينظر له طارق بريبة  ثم يتجه طارق الى مكان القاء الدرس وعند وصوله يلمح نور تدخل هي  وسلوى شاهين – امرأة يبدو عليها الجمال والاثارة وقد وضعت كل منهما ايشارب على نصف رأسها فيصدم طارق وينظر لكريم الذي يتحاشى النظر اليه فيغمض عينيه ويأخذ نفس ثم يفتحهما,يدخل طارق الي المسجد الممتلئ بالسيدات ويجد معدات التسجيل الصوتي ويشعر ان هناك شيء ما غريب في الاجواء حيث يشعر ان السيدات الموجودات مصطنعات ويتظاهرن بالتدين والالتزام بينما يقف كريم يتابع الاعدادات فينظر له طارق بريبه  ثم يتجه طارق الي مكان القاء الدرس وعند وصوله يلمح نور تدخل هي  وسلوي شاهين – امراه يبدو عليها الجمال والاثاره وقد وضعت كل منهما ايشارب علي نصف راسها فيصدم طارق وينظر لكريم الذي يتحاشي النظر اليه فيغمض عينيه وياخذ نفس ثم يفتحهما,unknown,0.0,78
S0046,46,موقع غير محدد,نهار,طارق,بس الله الرحمن الرحيم .. درسنا اليوم عن فتنة الله في الارض .. عن النساء,بس الله الرحمن الرحيم .. درسنا اليوم عن فتنه الله في الارض .. عن النساء,unknown,0.0,13
S0047,47,موقع غير محدد,نهار,رأفت,انتي هتفضلي مبوزة كتير ؟,انتي هتفضلي مبوزه كتير ؟,unknown,0.0,5
S0047,47,موقع غير محدد,نهار,اميرة,انا ولا مبوزة ولا حاجة انا بس مركزة في,انا ولا مبوزه ولا حاجه انا بس مركزه في,unknown,0.0,9
S0047,47,موقع غير محدد,نهار,رأفت,طب بما اني مديرك .. انا بأمرك تسيبي الشغل تترك اميرة القلم من يدها وترفع نظرها الى رأفت,طب بما اني مديرك .. انا بامرك تسيبي الشغل تترك اميره القلم من يدها وترفع نظرها الي رافت,unknown,0.0,17
S0047,47,موقع غير محدد,نهار,تحت امرك يا مديري,يبتسم  مدحت ويخرج من جيبه علبه مجوهرات ويضعها امام اميرة فتنظر لها قليلا ثم تمد يدها لتفتحها  فتجد دبلتين ذهب فتبتسم ابتسامة لطيفة,يبتسم  مدحت ويخرج من جيبه علبه مجوهرات ويضعها امام اميره فتنظر لها قليلا ثم تمد يدها لتفتحها  فتجد دبلتين ذهب فتبتسم ابتسامه لطيفه,unknown,0.0,23
S0047,47,موقع غير محدد,نهار,رأفت,اخر السنة  كويس بالنسبة لك .. نتخطب  ؟ تبتسم اميرة ابتسامة واسعة وهي تمسك تغلق علبة المجوهرات,اخر السنه  كويس بالنسبه لك .. نتخطب  ؟ تبتسم اميره ابتسامه واسعه وهي تمسك تغلق علبه المجوهرات,unknown,0.0,16
S0048,48,موقع غير محدد,نهار,مسجد,حالة من الهيستريا الشديدة تنتاب كل السيدات في المسجد بينما سلوى شاهين تبكي بشدة وينظر طارق الى ما يحدث بعدم فهم بينما فجأة يظهر مصورين يلتقطون لسلوى شاهين التي اخذت تبكي وهي تشد الطرحة على رأسها بالكامل  ويلتقطون صور لطارق الذي بدا مدهوشا وغير مصدق لما يحدث بينما في ركن ما تقف نور تتابع ما يحدث  وهي تبتسم ابتسامة بجانب فمها ثم تتجه لتخرج من الباب تاركة خلفها ما يحدث بينما يتابعها طارق المذهول  وهي تبتعد خطوة وراء خطوة,حاله من الهيستريا الشديده تنتاب كل السيدات في المسجد بينما سلوي شاهين تبكي بشده وينظر طارق الي ما يحدث بعدم فهم بينما فجاه يظهر مصورين يلتقطون لسلوي شاهين التي اخذت تبكي وهي تشد الطرحه علي راسها بالكامل  ويلتقطون صور لطارق الذي بدا مدهوشا وغير مصدق لما يحدث بينما في ركن ما تقف نور تتابع ما يحدث  وهي تبتسم ابتسامه بجانب فمها ثم تتجه لتخرج من الباب تاركه خلفها ما يحدث بينما يتابعها طارق المذهول  وهي تبتعد خطوه وراء خطوه,unknown,0.0,79
S0049,49,موقع غير محدد,نهار,مكتب فريد هجرس,يجلس طارق امام المكتب الذي يجلس خلفه فريد,يجلس طارق امام المكتب الذي يجلس خلفه فريد,unknown,0.0,8
S0049,49,موقع غير محدد,نهار,طارق,اشمعنى انا يا  عمي .. انا اصغر من اني افيدك في حاجة زي كده,اشمعني انا يا  عمي .. انا اصغر من اني افيدك في حاجه زي كده,unknown,0.0,13
S0049,49,موقع غير محدد,نهار,فريد,يا راجل بطل تواضع .. هو كان في حد في الدنيا يتخيل ان ممكن سلوى شاهين تعتزل ؟.. الا ان ربنا اراد على ايدك,يا راجل بطل تواضع .. هو كان في حد في الدنيا يتخيل ان ممكن سلوي شاهين تعتزل ؟.. الا ان ربنا اراد علي ايدك,unknown,0.0,23
S0049,49,موقع غير محدد,نهار,فريد,ما فيش لكن يا طارق .. انت بتشك في نزاهتي,ما فيش لكن يا طارق .. انت بتشك في نزاهتي,unknown,0.0,9
S0049,49,موقع غير محدد,نهار,فريد,حاشا لله ياعمي .. انا بس خايف يقطع فريد شيك من دفتره ويضعه امام طارق,حاشا لله ياعمي .. انا بس خايف يقطع فريد شيك من دفتره ويضعه امام طارق,unknown,0.0,14
S0049,49,موقع غير محدد,نهار,فريد,ده مرتبك الشهري .. لسه خايف ينظر طارق الى الشيك بينما يتردد صوت اميرة,ده مرتبك الشهري .. لسه خايف ينظر طارق الي الشيك بينما يتردد صوت اميره,unknown,0.0,13
S0049,49,موقع غير محدد,نهار,صوت اميرة,اوعى تفتكر ان الفلوس اللي بتدخلك من شرايط الخطب دي فلوس يا طارق,اوعي تفتكر ان الفلوس اللي بتدخلك من شرايط الخطب دي فلوس يا طارق,unknown,0.0,13
S0050,50,موقع غير محدد,نهار,مطعم,تجلس اميرة وطارق حول احدى الموائد ويقوم طارق بوضع شيك امام اميرة,تجلس اميره وطارق حول احدي الموائد ويقوم طارق بوضع شيك امام اميره,unknown,0.0,12
S0050,50,موقع غير محدد,نهار,طارق,الرقم المكتوب في الشيك ده .. برضه مش فلوس بالنسبة لك,الرقم المكتوب في الشيك ده .. برضه مش فلوس بالنسبه لك,unknown,0.0,10
S0050,50,موقع غير محدد,نهار,اشمعنى النهارده يا ربي,"فجأة يشغل المطعم فى سمعاته اغنية "" ميال .. ميال "" فيبتسم طارق","فجاه يشغل المطعم في سمعاته اغنيه "" ميال .. ميال "" فيبتسم طارق",unknown,0.0,10
S0050,50,موقع غير محدد,نهار,طارق,شايفة الفال ؟ تبتسم اميرة ابتسامة حزينة وهي تنهض,شايفه الفال ؟ تبتسم اميره ابتسامه حزينه وهي تنهض,unknown,0.0,9
S0050,50,موقع غير محدد,نهار,اميرة,سيبني امشي يا طارق ونتكلم بعدين,سيبني امشي يا طارق ونتكلم بعدين,unknown,0.0,6
S0052,52,موقع غير محدد,نهار,مدحت,الو ... لا لا .. انا زعلان  .. لا والله زعلان .. هو كل من نزله صورة في الجرايد ينسى صحابه,الو .. لا لا .. انا زعلان  .. لا والله زعلان .. هو كل من نزله صوره في الجرايد ينسي صحابه,unknown,0.0,17
S0052,52,موقع غير محدد,نهار,مدحت,والنبي في شيوخ بكاشين ؟؟ .. واحشني قوي ياله .. اه فاضي .. خير,والنبي في شيوخ بكاشين ؟؟ .. واحشني قوي ياله .. اه فاضي .. خير,unknown,0.0,11
S0052,52,موقع غير محدد,نهار,مدحت,بس انا ما كنش في حسابي اتحرك من المكتب دلوقتي,بس انا ما كنش في حسابي اتحرك من المكتب دلوقتي,unknown,0.0,10
S0054,54,موقع غير محدد,نهار,مدحت,بس لو ما كنتش اغير حساباتي عشانك خطرك هغيرها لمين ؟,بس لو ما كنتش اغير حساباتي عشانك خطرك هغيرها لمين ؟,unknown,0.0,11
S0055,55,موقع غير محدد,نهار,مدحت,ايه كمية الحوارات اللي انت مدخل نفسك فيها دي يا طارق,ايه كميه الحوارات اللي انت مدخل نفسك فيها دي يا طارق,unknown,0.0,11
S0055,55,موقع غير محدد,نهار,طارق,هي مش حوارات يا مدحت ولا حاجة انا كل اللي عايز اعرفه بس مين اللي ورا كريم ..  واهو برضه مننا بنحمي نور ينهض مدحت ويتجه الى الحمام,هي مش حوارات يا مدحت ولا حاجه انا كل اللي عايز اعرفه بس مين اللي ورا كريم ..  واهو برضه مننا بنحمي نور ينهض مدحت ويتجه الي الحمام,unknown,0.0,27
S0055,55,موقع غير محدد,نهار,مدحت,نور دي موالها موال .. اخرج من الحمام وتقولي كل التفاصيل,نور دي موالها موال .. اخرج من الحمام وتقولي كل التفاصيل,unknown,0.0,10
S0055,55,موقع غير محدد,نهار,ماشي,يدخل مدحت الحمام بينما ينهض طارق ليتجه الى غرفته فيطرق احدهم على الباب فيتجه ليفتحه فيجد نهال,يدخل مدحت الحمام بينما ينهض طارق ليتجه الي غرفته فيطرق احدهم علي الباب فيتجه ليفتحه فيجد نهال,unknown,0.0,17
S0055,55,موقع غير محدد,نهار,طارق,نهال .. ده ايه الصدف دي,نهال .. ده ايه الصدف دي,unknown,0.0,5
S0055,55,موقع غير محدد,نهار,نهال,قولت من ساعة ما بقيت شيخ ما بتسألش.. قولت اسأل انا,قولت من ساعه ما بقيت شيخ ما بتسالش.. قولت اسال انا,unknown,0.0,11
S0055,55,موقع غير محدد,نهار,طارق,يا بنتي ما بسألش ايه بس الدنيا تلاهي .. انا محضرلك مفاجأة تجلس نهال بحيث يكون ظهرها لطرقة الحمام,يا بنتي ما بسالش ايه بس الدنيا تلاهي .. انا محضرلك مفاجاه تجلس نهال بحيث يكون ظهرها لطرقه الحمام,unknown,0.0,18
S0055,55,موقع غير محدد,نهار,نهال,انا بصراحة مش جاية اسلم بس يا طارق .. انا جاية اتكلم معاك في موضوع مهم يسمع مدحت داخل الحمام صوت نهال فيستغرب,انا بصراحه مش جايه اسلم بس يا طارق .. انا جايه اتكلم معاك في موضوع مهم يسمع مدحت داخل الحمام صوت نهال فيستغرب,unknown,0.0,22
S0055,55,موقع غير محدد,نهار,خير,تصمت نهال قليلا تنظر خلالهم الى الارض ثم ترفع عينيها لتنظر اليه,تصمت نهال قليلا تنظر خلالهم الي الارض ثم ترفع عينيها لتنظر اليه,unknown,0.0,12
S0055,55,موقع غير محدد,نهار,نهال,عارف ليه يا طارق انا مأخرة جوازي بمدحت لغاية دلوقتي ؟ يخرج مدحت من الحمام ويشير لطارق بان يصمت فيبدو على طارق الارتباك,عارف ليه يا طارق انا ماخره جوازي بمدحت لغايه دلوقتي ؟ يخرج مدحت من الحمام ويشير لطارق بان يصمت فيبدو علي طارق الارتباك,unknown,0.0,23
S0055,55,موقع غير محدد,نهار,نهال,لاني مش قادرة اخدعه ويجمعني بيه بيت واحد وانا في قلبي واحد تاني تجحظ عيني مدحت بينما يزداد ارتباك طارق,لاني مش قادره اخدعه ويجمعني بيه بيت واحد وانا في قلبي واحد تاني تجحظ عيني مدحت بينما يزداد ارتباك طارق,unknown,0.0,20
S0055,55,موقع غير محدد,نهار,طارق,ايه اللي انتي بتقوليه ده يا نهال نهال : بقولك الحقيقه اللي جيباني النهارده .. واللي لسه قايلهاله من يومين .. اني قبل ما اقوله على ميعاد جوزنا في حاجة لازم اعملها ثم ترفع عينيها لتنظر الى طارق,ايه اللي انتي بتقوليه ده يا نهال نهال : بقولك الحقيقه اللي جيباني النهارده .. واللي لسه قايلهاله من يومين .. اني قبل ما اقوله علي ميعاد جوزنا في حاجه لازم اعملها ثم ترفع عينيها لتنظر الي طارق,unknown,0.0,35
S0055,55,موقع غير محدد,نهار,نهال,لازم اقولك  اني بحبك يا طارق .. لازم كنت اتخلص من الحمل ده,لازم اقولك  اني بحبك يا طارق .. لازم كنت اتخلص من الحمل ده,unknown,0.0,12
S0055,55,موقع غير محدد,نهار,مدحت,ولما بتحبي طارق .. ناوية تتجوزيني ليه ؟ تنهض نهال كالملسوعة وتنظر له برعب,ولما بتحبي طارق .. ناويه تتجوزيني ليه ؟ تنهض نهال كالملسوعه وتنظر له برعب,unknown,0.0,13
S0055,55,موقع غير محدد,نهار,مدحت,انتي ازاي وسخة كده وانا  عمري ما اخدت بالي,انتي ازاي وسخه كده وانا  عمري ما اخدت بالي,unknown,0.0,9
S0055,55,موقع غير محدد,نهار,نهال,يا مدحت انا كان لسه في كلام هقوله .. انت سمعت بس,يا مدحت انا كان لسه في كلام هقوله .. انت سمعت بس,unknown,0.0,11
S0055,55,موقع غير محدد,نهار,اخرسي,ثم يخلع الدبلة ويرميها في وجهها,ثم يخلع الدبله ويرميها في وجهها,unknown,0.0,6
S0055,55,موقع غير محدد,نهار,مدحت,عندك الشيخ .. اشبعي بيه يتجه مدحت لفتح الباب ويخرج فتنظر نهال الى طارق بعدم تصديق,عندك الشيخ .. اشبعي بيه يتجه مدحت لفتح الباب ويخرج فتنظر نهال الي طارق بعدم تصديق,unknown,0.0,15
S0055,55,موقع غير محدد,نهار,نهال,انت ليه عملت كده .. ليه يا طارق,انت ليه عملت كده .. ليه يا طارق,unknown,0.0,7
S0054,54,موقع غير محدد,ليل,صوت طارق,الرقم المكتوب في الشيك ده .. برضه مش فلوس بالنسبة لك,الرقم المكتوب في الشيك ده .. برضه مش فلوس بالنسبه لك,unknown,0.0,10
S0055,55,نهاية الفلاش باك,ليل,مدحت,طالعلي الملف بتاع قوادة امبابة .. واطلب اذن من النيابة بالحملة,طالعلي الملف بتاع قواده امبابه .. واطلب اذن من النيابه بالحمله,unknown,0.0,10
S0055,55,نهاية الفلاش باك,ليل,الضابط,دلوقتي ؟,دلوقتي ؟,unknown,0.0,2
